dataset,outer_fold,model,optimizer,runtime_seconds,best_objective_score,best_params,n_estimators,min_samples_split,min_samples_leaf,max_features,max_depth,accuracy,balanced_accuracy,f1,roc_auc,demographic_parity_difference,equal_opportunity_difference,subsample,min_child_weight,learning_rate,colsample_bytree,fairness_applicable
wdbc,1,random_forest,random,39.09987860000547,0.9600276733500418,"{""n_estimators"": 100, ""min_samples_split"": 2, ""min_samples_leaf"": 1, ""max_features"": ""sqrt"", ""max_depth"": 10}",100,2.0,1.0,sqrt,10.0,0.9649122807017544,0.9672453324598757,0.9545454545454546,0.9983622666229938,0.0,0.0,,,,,False
wdbc,1,random_forest,bayesian,57.29791770000156,0.9600276733500418,"{""n_estimators"": ""100"", ""max_depth"": ""12"", ""min_samples_split"": ""2"", ""min_samples_leaf"": ""1""}",100,2.0,1.0,,12.0,0.9649122807017544,0.9672453324598757,0.9545454545454546,0.9983622666229938,0.0,0.0,,,,,False
wdbc,1,xgboost,random,27.18358370000351,0.9487416457811194,"{""subsample"": 0.8, ""n_estimators"": 100, ""min_child_weight"": 5, ""max_depth"": 3, ""learning_rate"": 0.1, ""colsample_bytree"": 1.0}",100,,,,3.0,0.9649122807017544,0.971830985915493,0.9555555555555556,0.9993449066491976,0.0,0.0,0.8,5.0,0.1,1.0,False
wdbc,1,xgboost,bayesian,38.190355500002624,0.9523548454469508,"{""n_estimators"": ""99"", ""max_depth"": ""6"", ""learning_rate"": 0.1, ""subsample"": 0.8, ""colsample_bytree"": 0.8587954217429437, ""min_child_weight"": ""3""}",99,,,,6.0,0.9736842105263158,0.9788732394366196,0.9662921348314608,0.9996724533245988,0.0,0.0,0.8,3.0,0.1,0.8587954217429437,False
wdbc,2,random_forest,random,37.81119159999798,0.9587536549707604,"{""n_estimators"": 100, ""min_samples_split"": 5, ""min_samples_leaf"": 2, ""max_features"": ""sqrt"", ""max_depth"": 20}",100,5.0,2.0,sqrt,20.0,0.9210526315789472,0.8999344906649198,0.8860759493670886,0.9810022928267278,0.0,0.0,,,,,False
wdbc,2,random_forest,bayesian,51.8324328000017,0.9634842314118628,"{""n_estimators"": ""100"", ""max_depth"": ""6"", ""min_samples_split"": ""5"", ""min_samples_leaf"": ""2""}",100,5.0,2.0,,6.0,0.9210526315789472,0.8999344906649198,0.8860759493670886,0.981329839502129,0.0,0.0,,,,,False
wdbc,2,xgboost,random,25.333465399999117,0.9559863199665832,"{""subsample"": 0.8, ""n_estimators"": 100, ""min_child_weight"": 1, ""max_depth"": 3, ""learning_rate"": 0.1, ""colsample_bytree"": 1.0}",100,,,,3.0,0.9473684210526316,0.9394038650507696,0.9285714285714286,0.9901735997379626,0.0,0.0,0.8,1.0,0.1,1.0,False
wdbc,2,xgboost,bayesian,39.26245840000047,0.9594585421888052,"{""n_estimators"": ""96"", ""max_depth"": ""3"", ""learning_rate"": 0.08580471289095466, ""subsample"": 0.8026907822854119, ""colsample_bytree"": 0.8021203208593262, ""min_child_weight"": ""1""}",96,,,,3.0,0.9473684210526316,0.9394038650507696,0.9285714285714286,0.9888634130363576,0.0,0.0,0.8026907822854119,1.0,0.0858047128909546,0.8021203208593262,False
wdbc,3,random_forest,random,38.20063849999861,0.96656223893066,"{""n_estimators"": 100, ""min_samples_split"": 2, ""min_samples_leaf"": 1, ""max_features"": ""log2"", ""max_depth"": null}",100,2.0,1.0,log2,,0.9649122807017544,0.95734126984127,0.951219512195122,0.9910714285714286,0.0,0.0,,,,,False
wdbc,3,random_forest,bayesian,47.983121299999766,0.9631056808688389,"{""n_estimators"": ""51"", ""max_depth"": ""19"", ""min_samples_split"": ""7"", ""min_samples_leaf"": ""2""}",51,7.0,2.0,,19.0,0.9649122807017544,0.9523809523809524,0.95,0.988425925925926,0.0,0.0,,,,,False
wdbc,3,xgboost,random,25.88011290000577,0.9724624060150376,"{""subsample"": 1.0, ""n_estimators"": 100, ""min_child_weight"": 1, ""max_depth"": 5, ""learning_rate"": 0.05, ""colsample_bytree"": 1.0}",100,,,,5.0,0.9736842105263158,0.9642857142857144,0.9629629629629628,0.9897486772486772,0.0,0.0,1.0,1.0,0.05,1.0,False
wdbc,3,xgboost,bayesian,39.26076019999891,0.9636382623224728,"{""n_estimators"": ""87"", ""max_depth"": ""7"", ""learning_rate"": 0.08072056917348926, ""subsample"": 0.8, ""colsample_bytree"": 0.9368871786039966, ""min_child_weight"": ""3""}",87,,,,7.0,0.956140350877193,0.945436507936508,0.9382716049382716,0.9834656084656084,0.0,0.0,0.8,3.0,0.0807205691734892,0.9368871786039966,False
wdbc,4,random_forest,random,39.83678990000044,0.95359231411863,"{""n_estimators"": 100, ""min_samples_split"": 2, ""min_samples_leaf"": 1, ""max_features"": ""log2"", ""max_depth"": null}",100,2.0,1.0,log2,,0.9473684210526316,0.9583333333333331,0.9333333333333332,0.995701058201058,0.0,0.0,,,,,False
wdbc,4,random_forest,bayesian,54.65545109999948,0.9517857142857142,"{""n_estimators"": ""72"", ""max_depth"": ""5"", ""min_samples_split"": ""6"", ""min_samples_leaf"": ""2""}",72,6.0,2.0,,5.0,0.9473684210526316,0.9533730158730158,0.9318181818181818,0.9957010582010584,0.0,0.0,,,,,False
wdbc,4,xgboost,random,26.29875469999388,0.9618316624895572,"{""subsample"": 1.0, ""n_estimators"": 50, ""min_child_weight"": 1, ""max_depth"": 3, ""learning_rate"": 0.1, ""colsample_bytree"": 0.8}",50,,,,3.0,0.9824561403508772,0.9861111111111112,0.9767441860465116,0.9983465608465608,0.0,0.0,1.0,1.0,0.1,0.8,False
wdbc,4,xgboost,bayesian,42.991232799999125,0.9647556390977444,"{""n_estimators"": ""100"", ""max_depth"": ""7"", ""learning_rate"": 0.1, ""subsample"": 1.0, ""colsample_bytree"": 0.8, ""min_child_weight"": ""1""}",100,,,,7.0,0.9736842105263158,0.9791666666666669,0.9655172413793104,0.998015873015873,0.0,0.0,1.0,1.0,0.1,0.8,False
wdbc,5,random_forest,random,38.46879930000432,0.9501200918964078,"{""n_estimators"": 100, ""min_samples_split"": 2, ""min_samples_leaf"": 1, ""max_features"": ""sqrt"", ""max_depth"": 10}",100,2.0,1.0,sqrt,10.0,0.9646017699115044,0.9572434607645876,0.951219512195122,0.9904426559356136,0.0,0.0,,,,,False
wdbc,5,random_forest,bayesian,51.65917640000407,0.9489505012531328,"{""n_estimators"": ""64"", ""max_depth"": ""19"", ""min_samples_split"": ""2"", ""min_samples_leaf"": ""1""}",64,2.0,1.0,,19.0,0.9646017699115044,0.9572434607645876,0.951219512195122,0.9914486921529174,0.0,0.0,,,,,False
wdbc,5,xgboost,random,26.199819500005106,0.9471961152882208,"{""subsample"": 0.8, ""n_estimators"": 100, ""min_child_weight"": 1, ""max_depth"": 3, ""learning_rate"": 0.1, ""colsample_bytree"": 1.0}",100,,,,3.0,0.9557522123893806,0.9453386988598256,0.9382716049382716,0.9926224010731052,0.0,0.0,0.8,1.0,0.1,1.0,False
wdbc,5,xgboost,bayesian,43.65440160000435,0.9424133249791145,"{""n_estimators"": ""99"", ""max_depth"": ""6"", ""learning_rate"": 0.0758656921938754, ""subsample"": 0.8, ""colsample_bytree"": 1.0, ""min_child_weight"": ""2""}",99,,,,6.0,0.9557522123893806,0.9453386988598256,0.9382716049382716,0.994299128101945,0.0,0.0,0.8,2.0,0.0758656921938754,1.0,False
adult,1,random_forest,random,475.2075549000001,0.7739589827051007,"{""n_estimators"": 50, ""min_samples_split"": 2, ""min_samples_leaf"": 4, ""max_features"": ""sqrt"", ""max_depth"": null}",50,2.0,4.0,sqrt,,0.8627290408434845,0.7740439301338496,0.678031212484994,0.9123023346006528,0.1729589138964737,0.1647501711156741,,,,,True
adult,1,random_forest,bayesian,507.2777525999991,0.7697197595214126,"{""n_estimators"": ""100"", ""max_depth"": ""20"", ""min_samples_split"": ""2"", ""min_samples_leaf"": ""1""}",100,2.0,1.0,,20.0,0.8627290408434845,0.7696467610370124,0.6733252131546894,0.9127971923964516,0.1623597623677268,0.1431948612646765,,,,,True
adult,1,xgboost,random,352.8242337999982,0.7859446319260726,"{""subsample"": 0.8, ""n_estimators"": 100, ""min_child_weight"": 3, ""max_depth"": 7, ""learning_rate"": 0.05, ""colsample_bytree"": 0.8}",100,,,,7.0,0.8716347630258983,0.7876661176752556,0.7002868068833652,0.9213452384693672,0.1643684016562249,0.1242536724056231,0.8,3.0,0.05,0.8,True
adult,1,xgboost,bayesian,365.9980121999979,0.7970301211351067,"{""n_estimators"": ""100"", ""max_depth"": ""7"", ""learning_rate"": 0.1, ""subsample"": 0.8, ""colsample_bytree"": 0.9770484135458988, ""min_child_weight"": ""1""}",100,,,,7.0,0.8739891493499846,0.7990340329779336,0.7133876600698487,0.9249459153093548,0.1722140745188116,0.1124861791186226,0.8,1.0,0.1,0.9770484135458988,True
adult,2,random_forest,random,604.1871211999969,0.766209144302119,"{""n_estimators"": 50, ""min_samples_split"": 2, ""min_samples_leaf"": 1, ""max_features"": ""log2"", ""max_depth"": null}",50,2.0,1.0,log2,,0.8530044016787798,0.7680915060127165,0.6633849038912331,0.900712129003427,0.1770658937538322,0.0937503811486907,,,,,True
adult,2,random_forest,bayesian,596.7930085999978,0.7643272994353555,"{""n_estimators"": ""98"", ""max_depth"": ""20"", ""min_samples_split"": ""10"", ""min_samples_leaf"": ""1""}",98,10.0,1.0,,20.0,0.8661070733954346,0.7679097367868796,0.6744649079143853,0.9186731502678938,0.1614523005848172,0.1173968459183548,,,,,True
adult,2,xgboost,random,347.26136679999763,0.7828880288007323,"{""subsample"": 0.8, ""n_estimators"": 100, ""min_child_weight"": 3, ""max_depth"": 7, ""learning_rate"": 0.05, ""colsample_bytree"": 0.8}",100,,,,7.0,0.872965503122121,0.7845833795238981,0.6985669176584892,0.9268007326945968,0.1677598882564008,0.0944882850138433,0.8,3.0,0.05,0.8,True
adult,2,xgboost,bayesian,362.8580634000027,0.7933806397730963,"{""n_estimators"": ""100"", ""max_depth"": ""7"", ""learning_rate"": 0.1, ""subsample"": 0.8, ""colsample_bytree"": 0.8, ""min_child_weight"": ""1""}",100,,,,7.0,0.8752175248234211,0.7951511476153754,0.711068973690448,0.9291642794346712,0.1712816179862946,0.0896583688055715,0.8,1.0,0.1,0.8,True
adult,3,random_forest,random,549.193253700003,0.7715318119636437,"{""n_estimators"": 100, ""min_samples_split"": 2, ""min_samples_leaf"": 1, ""max_features"": ""log2"", ""max_depth"": null}",100,2.0,1.0,log2,,0.8516584766584766,0.7696256134097368,0.6638830897703549,0.9006441633589573,0.1843982480461957,0.0562238930659982,,,,,True
adult,3,random_forest,bayesian,533.8154892999955,0.7673854280866895,"{""n_estimators"": ""50"", ""max_depth"": ""20"", ""min_samples_split"": ""2"", ""min_samples_leaf"": ""1""}",50,2.0,1.0,,20.0,0.8625102375102375,0.766491430186384,0.6696186961869619,0.9173819190755492,0.1654317632644045,0.07593984962406,,,,,True
adult,3,xgboost,random,336.980733700002,0.7840325490470764,"{""subsample"": 0.8, ""n_estimators"": 100, ""min_child_weight"": 3, ""max_depth"": 7, ""learning_rate"": 0.05, ""colsample_bytree"": 0.8}",100,,,,7.0,0.8702907452907452,0.7845115585422688,0.6957983193277311,0.9274492640810648,0.1739084729182596,0.0755221386800334,0.8,3.0,0.05,0.8,True
adult,3,xgboost,bayesian,363.52556259999983,0.7972250431654199,"{""n_estimators"": ""100"", ""max_depth"": ""7"", ""learning_rate"": 0.1, ""subsample"": 0.8, ""colsample_bytree"": 0.8, ""min_child_weight"": ""1""}",100,,,,7.0,0.8754095004095004,0.7994622845108675,0.7151883922302832,0.9310323928941008,0.1790148450744491,0.0603174603174603,0.8,1.0,0.1,0.8,True
adult,4,random_forest,random,518.1549030000024,0.7686816603541274,"{""n_estimators"": 100, ""min_samples_split"": 2, ""min_samples_leaf"": 1, ""max_features"": ""log2"", ""max_depth"": null}",100,2.0,1.0,log2,,0.8593366093366094,0.7796586101763956,0.6807620817843866,0.9054735602919848,0.1788232707224779,0.0497786143796877,,,,,True
adult,4,random_forest,bayesian,515.0340335999936,0.7661434329801988,"{""n_estimators"": ""81"", ""max_depth"": ""20"", ""min_samples_split"": ""2"", ""min_samples_leaf"": ""1""}",81,2.0,1.0,,20.0,0.8653767403767404,0.7740953183494396,0.6804374240583232,0.9201547691910636,0.1634141285085477,0.0473975659112266,,,,,True
adult,4,xgboost,random,315.96638930000336,0.783065585209462,"{""subsample"": 0.8, ""n_estimators"": 100, ""min_child_weight"": 3, ""max_depth"": 7, ""learning_rate"": 0.05, ""colsample_bytree"": 0.8}",100,,,,7.0,0.8708026208026208,0.7892479014032221,0.7009478672985782,0.9289323421462335,0.1729532568806751,0.0366107821715392,0.8,3.0,0.05,0.8,True
adult,4,xgboost,bayesian,325.5573691000027,0.7927690369443895,"{""n_estimators"": ""100"", ""max_depth"": ""7"", ""learning_rate"": 0.1, ""subsample"": 1.0, ""colsample_bytree"": 0.8, ""min_child_weight"": ""5""}",100,,,,7.0,0.8742833742833743,0.8000421161808882,0.7145513714551371,0.9314551094430478,0.1752734943498483,0.0219973133932535,1.0,5.0,0.1,0.8,True
adult,5,random_forest,random,464.3003499999977,0.7709982442367492,"{""n_estimators"": 50, ""min_samples_split"": 2, ""min_samples_leaf"": 1, ""max_features"": ""log2"", ""max_depth"": null}",50,2.0,1.0,log2,,0.847051597051597,0.759704557927801,0.6494603472548099,0.8934102169570661,0.1701357750524134,0.0502762430939226,,,,,True
adult,5,random_forest,bayesian,462.8518131000019,0.7683060378242107,"{""n_estimators"": ""50"", ""max_depth"": ""20"", ""min_samples_split"": ""2"", ""min_samples_leaf"": ""1""}",50,2.0,1.0,,20.0,0.8584152334152334,0.758960096559723,0.6575885120079228,0.9134462385568972,0.1471147612007222,0.0448031330862298,,,,,True
adult,5,xgboost,random,310.8108999000033,0.7862536257761898,"{""subsample"": 1.0, ""n_estimators"": 100, ""min_child_weight"": 3, ""max_depth"": 7, ""learning_rate"": 0.05, ""colsample_bytree"": 0.8}",100,,,,7.0,0.8648648648648649,0.7734655622484237,0.6793002915451894,0.9236555543635884,0.1570460480870608,0.0606336107420099,1.0,3.0,0.05,0.8,True
adult,5,xgboost,bayesian,51992.5874668,0.7984843957534572,"{""n_estimators"": ""100"", ""max_depth"": ""7"", ""learning_rate"": 0.1, ""subsample"": 0.8, ""colsample_bytree"": 1.0, ""min_child_weight"": ""1""}",100,,,,7.0,0.8692669942669943,0.7867719778487545,0.6970344009489917,0.9256913425220776,0.166644070312784,0.0671641373522623,0.8,1.0,0.1,1.0,True
bank_marketing,1,random_forest,random,490.44162000001234,0.6647920050922717,"{""n_estimators"": 100, ""min_samples_split"": 2, ""min_samples_leaf"": 1, ""max_features"": ""log2"", ""max_depth"": null}",100,2.0,1.0,log2,,0.9063363927900032,0.6796610610868914,0.4894514767932489,0.9257869493012064,0.0,0.0,,,,,False
bank_marketing,1,random_forest,bayesian,552.3825158000109,0.6690478118321246,"{""n_estimators"": ""100"", ""max_depth"": ""20"", ""min_samples_split"": ""2"", ""min_samples_leaf"": ""1""}",100,2.0,1.0,,20.0,0.9069998894172288,0.6861863512990449,0.5002970885323826,0.9265707914059088,0.0,0.0,,,,,False
bank_marketing,1,xgboost,random,219.7404119999992,0.6900478546651683,"{""subsample"": 1.0, ""n_estimators"": 50, ""min_child_weight"": 1, ""max_depth"": 7, ""learning_rate"": 0.1, ""colsample_bytree"": 1.0}",50,,,,7.0,0.9083268826716796,0.707026407027354,0.5313736574335783,0.928796609427175,0.0,0.0,1.0,1.0,0.1,1.0,False
bank_marketing,1,xgboost,bayesian,246.7870506000036,0.7076615369333253,"{""n_estimators"": ""100"", ""max_depth"": ""7"", ""learning_rate"": 0.1, ""subsample"": 0.8508191377098249, ""colsample_bytree"": 1.0, ""min_child_weight"": ""1""}",100,,,,7.0,0.9097644586973348,0.7225994391658273,0.5536105032822757,0.9321944619696902,0.0,0.0,0.8508191377098249,1.0,0.1,1.0,False
bank_marketing,2,random_forest,random,533.2527964999899,0.6752720183479854,"{""n_estimators"": 100, ""min_samples_split"": 5, ""min_samples_leaf"": 2, ""max_features"": ""sqrt"", ""max_depth"": 20}",100,5.0,2.0,sqrt,20.0,0.9010174740101748,0.6673346844159669,0.4611679711017459,0.9223641300001364,0.0,0.0,,,,,False
bank_marketing,2,random_forest,bayesian,551.2480696999992,0.6816497081868143,"{""n_estimators"": ""50"", ""max_depth"": ""20"", ""min_samples_split"": ""2"", ""min_samples_leaf"": ""1""}",50,2.0,1.0,,20.0,0.900575094005751,0.6674946342746482,0.4607078584283143,0.9194683859104318,0.0,0.0,,,,,False
bank_marketing,2,xgboost,random,223.6917284999945,0.7026610032797711,"{""subsample"": 1.0, ""n_estimators"": 50, ""min_child_weight"": 5, ""max_depth"": 7, ""learning_rate"": 0.1, ""colsample_bytree"": 1.0}",50,,,,7.0,0.9042247290422472,0.6929549196133479,0.5045766590389016,0.9233000143954874,0.0,0.0,1.0,5.0,0.1,1.0,False
bank_marketing,2,xgboost,bayesian,352.5107616999885,0.7136498442845874,"{""n_estimators"": ""100"", ""max_depth"": ""7"", ""learning_rate"": 0.1, ""subsample"": 0.8, ""colsample_bytree"": 1.0, ""min_child_weight"": ""5""}",100,,,,7.0,0.9053306790533068,0.7083561953023318,0.5270718232044199,0.9290238497087432,0.0,0.0,0.8,5.0,0.1,1.0,False
bank_marketing,3,random_forest,random,827.3017194999993,0.6681624660765842,"{""n_estimators"": 100, ""min_samples_split"": 5, ""min_samples_leaf"": 2, ""max_features"": ""sqrt"", ""max_depth"": 20}",100,5.0,2.0,sqrt,20.0,0.9065472240654724,0.6830644985623421,0.4949193066347878,0.9230780204075448,0.0,0.0,,,,,False
bank_marketing,3,random_forest,bayesian,585.7860195999965,0.6790604276729965,"{""n_estimators"": ""51"", ""max_depth"": ""20"", ""min_samples_split"": ""2"", ""min_samples_leaf"": ""1""}",51,2.0,1.0,,20.0,0.9067684140676842,0.6856495363127011,0.499108734402852,0.9186400329013412,0.0,0.0,,,,,False
bank_marketing,3,xgboost,random,221.49677680000605,0.6965024474811932,"{""subsample"": 1.0, ""n_estimators"": 50, ""min_child_weight"": 5, ""max_depth"": 7, ""learning_rate"": 0.1, ""colsample_bytree"": 1.0}",50,,,,7.0,0.9075425790754258,0.7090459273935394,0.5324384787472036,0.9227920633327148,0.0,0.0,1.0,5.0,0.1,1.0,False
bank_marketing,3,xgboost,bayesian,261.6003166000009,0.716032807775952,"{""n_estimators"": ""100"", ""max_depth"": ""7"", ""learning_rate"": 0.1, ""subsample"": 0.8, ""colsample_bytree"": 1.0, ""min_child_weight"": ""1""}",100,,,,7.0,0.9061048440610484,0.7172510190513351,0.5398373983739837,0.928114972856867,0.0,0.0,0.8,1.0,0.1,1.0,False
bank_marketing,4,random_forest,random,639.9981664000079,0.6604405658433068,"{""n_estimators"": 100, ""min_samples_split"": 5, ""min_samples_leaf"": 2, ""max_features"": ""sqrt"", ""max_depth"": 20}",100,5.0,2.0,sqrt,20.0,0.9066578190665782,0.6687783648582609,0.4731585518102372,0.927525537843172,0.0,0.0,,,,,False
bank_marketing,4,random_forest,bayesian,584.5938310999918,0.6671948212069468,"{""n_estimators"": ""50"", ""max_depth"": ""20"", ""min_samples_split"": ""4"", ""min_samples_leaf"": ""1""}",50,4.0,1.0,,20.0,0.9053306790533068,0.6659770391444515,0.4663341645885286,0.9239178972311352,0.0,0.0,,,,,False
bank_marketing,4,xgboost,random,248.01193649999917,0.6890916258619467,"{""subsample"": 1.0, ""n_estimators"": 50, ""min_child_weight"": 5, ""max_depth"": 7, ""learning_rate"": 0.1, ""colsample_bytree"": 1.0}",50,,,,7.0,0.9076531740765318,0.689430254649185,0.5062093435836783,0.9273180103117388,0.0,0.0,1.0,5.0,0.1,1.0,False
bank_marketing,4,xgboost,bayesian,292.2957097999897,0.7066126287100621,"{""n_estimators"": ""100"", ""max_depth"": ""7"", ""learning_rate"": 0.1, ""subsample"": 1.0, ""colsample_bytree"": 1.0, ""min_child_weight"": ""1""}",100,,,,7.0,0.9099756690997568,0.7165731510279538,0.5467706013363028,0.9314667851771596,0.0,0.0,1.0,1.0,0.1,1.0,False
bank_marketing,5,random_forest,random,559.2337680000055,0.6740268920645969,"{""n_estimators"": 100, ""min_samples_split"": 5, ""min_samples_leaf"": 2, ""max_features"": ""sqrt"", ""max_depth"": 20}",100,5.0,2.0,sqrt,20.0,0.9032293740322938,0.6750362729239197,0.4769874476987448,0.9182242083410675,0.0,0.0,,,,,False
bank_marketing,5,random_forest,bayesian,601.2619941000012,0.6769022951613287,"{""n_estimators"": ""100"", ""max_depth"": ""20"", ""min_samples_split"": ""2"", ""min_samples_leaf"": ""1""}",100,2.0,1.0,,20.0,0.90278699402787,0.6805252755037485,0.4844574780058651,0.9192855820336324,0.0,0.0,,,,,False
bank_marketing,5,xgboost,random,252.67843939999875,0.6997996531383787,"{""subsample"": 1.0, ""n_estimators"": 50, ""min_child_weight"": 5, ""max_depth"": 7, ""learning_rate"": 0.1, ""colsample_bytree"": 1.0}",50,,,,7.0,0.9019022340190224,0.6923232097465252,0.4997179921037789,0.9206310778456724,0.0,0.0,1.0,5.0,0.1,1.0,False
bank_marketing,5,xgboost,bayesian,278.16107719999854,0.7147011919776097,"{""n_estimators"": ""100"", ""max_depth"": ""6"", ""learning_rate"": 0.1, ""subsample"": 0.8, ""colsample_bytree"": 1.0, ""min_child_weight"": ""1""}",100,,,,6.0,0.902897589028976,0.7084654895802949,0.5228260869565218,0.9234222225168672,0.0,0.0,0.8,1.0,0.1,1.0,False
